{"indexes":[{"v":{"$numberInt":"2"},"key":{"_id":{"$numberInt":"1"}},"name":"_id_"},{"v":{"$numberInt":"2"},"key":{"idEmpresa":{"$numberInt":"1"}},"name":"idEmpresa_1","background":true,"unique":true},{"v":{"$numberInt":"2"},"key":{"cedulaJuridica":{"$numberInt":"1"}},"name":"cedulaJuridica_1","background":true,"unique":true},{"v":{"$numberInt":"2"},"key":{"gerencia.idGerenteGeneral":{"$numberInt":"1"}},"name":"gerencia.idGerenteGeneral_1","background":true,"unique":true}],"uuid":"830476532c3c4d4184cc54e273148dc9","collectionName":"empresas","type":"collection"}